{
    "name": "GIScene 3D WebGIS API.",
    "description": "GIScene 3D WebGIS API: a library based on THREE.js for visualization and analysis of geographic 3D content. It's easy to learn and customize.",
    "version": "1.0.2",
    "url": "http://giscience.uni-hd.de/",
    "logo":"http://giscience.github.io/GIScene.js/images/GIScene.js-logo.png",
    "options": {
        "outdir": "../docs/v1.0.2",
        "nodeleteout" : true,
        "exclude":"THREE,Tween,JSTS",
        "paths":".",
        "themedir":"C:\\Users\\Michel\\AppData\\Roaming\\npm\\node_modules\\yuidocjs\\themes\\giscene_01\\"
    }
}